{
    "attributes": {
      "attack_range": 2,
      "category": "axe",
      "pose": "bettercombat:pose_two_handed_scythe",
      "two_handed": true,
      "attacks": [
        {
          "hitbox": "HORIZONTAL_PLANE",
          "damage_multiplier": 0.1,
          "angle": 120,
          "upswing": 0.5,
          "animation": "bettercombat:two_handed_slash_horizontal_right"
        },
        {
          "hitbox": "HORIZONTAL_PLANE",
          "damage_multiplier": 0.1,
          "angle": 120,
          "upswing": 0.5,
          "animation": "bettercombat:two_handed_slash_horizontal_left"
        }
      ]
    }
  }